<?xml version="1.0" encoding="UTF-8"?>

<faces-config
    xmlns="http://xmlns.jcp.org/xml/ns/javaee"
    xmlns:xsi="http://www.w3.org/2001/XMLSchema-instance"
    xsi:schemaLocation="http://xmlns.jcp.org/xml/ns/javaee http://xmlns.jcp.org/xml/ns/javaee/web-facesconfig_2_3.xsd"
    version="2.3">
	
	<!-- This part defines the internationalization for the app. -->
	<application>
		<!-- Locales for languages supported by the app.  There should be Messages_fr -->
		<!-- for diagnostic messages in Frnech, Messages_cn for Chinese, etc.   	  -->
		<locale-config>
			<default-locale>en</default-locale>
			<!-- <supported-locale>fr</supported-locale> -->
		</locale-config>
		<!-- This defines the default name of the file that contains diagnostic messages -->
		<!-- The facelet variable 'bundle" can be used to reference messages as  -->
		<!-- properties in actions in web pages. -->
		<resource-bundle>
			<base-name>Messages</base-name>
			<var>bundle</var>
		</resource-bundle>
	</application>

	<!-- These rules define the navigational structure of the Web app.  Each action method  -->
	<!-- returns a navigation string, and this navigation logic determines what is the next -->
	<!-- web page that should be displayed next.  -->
	
</faces-config>
